Train Loss,Validation Loss
1.1287796795368195,0.2881705164909363
1.2274305820465088,0.20664964616298676
