Train Loss,Validation Loss
0.9038175344467163,0.2234652191400528
1.2947160005569458,0.2358623743057251
