epoch,alpha,beta
1,0.9979990720748901,0.9980039000511169
2,0.9792639017105103,0.9793670177459717
