Split,RMSE,MSE,MAE,R-squared,MPE,MAPE
ok002_test,0.6835108,0.467187,0.6254881,-258.3979335001181,0.23527622688561678,314.7918701171875
