Split,RMSE,MSE,MAE,R-squared,MPE,MAPE
test,0.42346928,0.17932622,0.3477255,-99.57323083268079,-9.587976336479187,118.49178075790405
