Split,RMSE,MSE,MAE,R-squared,MPE,MAPE
val,0.48254225,0.23284702,0.41819847,-209.47553046130474,-79.06131744384766,136.289644241333
