Split,RMSE,MSE,MAE,R-squared,MPE,MAPE
train,0.4524239,0.20468739,0.3643514,-77.38936318372753,-18.179160356521606,127.68702507019043
