Split,RMSE,MSE,MAE,R-squared,MPE,MAPE
ok003_test,0.56331635,0.3173253,0.43661928,-91.91055133990392,91.41534566879272,157.41543769836426
