Train Loss,Validation Loss
0.9765079617500305,0.12022394686937332
1.2797235250473022,0.15174861252307892
