Train Loss,Validation Loss
0.3163199871778488,0.1265265755355358
0.3339177370071411,0.03518158383667469
