Split,RMSE,MSE,MAE,R-squared,MPE,MAPE
ok001_test,0.47082597,0.2216771,0.45521793,-123.32526823787992,147.43640422821045,147.43640422821045
