Split,RMSE,MSE,MAE,R-squared,MPE,MAPE
val,0.46637338,0.21750414,0.4600637,-195.60673608141764,149.68150854110718,149.68150854110718
