Split,RMSE,MSE,MAE,R-squared,MPE,MAPE
ok003_test,0.44478112,0.19783026,0.43236366,-56.92326095455201,153.38860750198364,153.38860750198364
