Split,RMSE,MSE,MAE,R-squared,MPE,MAPE
test,0.44838363,0.20104787,0.44404608,-111.75557051305509,144.36019659042358,144.36019659042358
