Split,RMSE,MSE,MAE,R-squared,MPE,MAPE
train,0.45225307,0.20453285,0.44303674,-77.33018908378783,149.0739941596985,149.0739941596985
