Split,RMSE,MSE,MAE,R-squared,MPE,MAPE
ok002_test,0.35325918,0.124792054,0.34279627,-68.28875633824589,171.9844102859497,171.9844102859497
