Train Loss,Validation Loss
0.9820564687252045,0.20547568798065186
1.4153496623039246,0.15882405638694763
