Split,RMSE,MSE,MAE,R-squared,MPE,MAPE
train,0.40049535,0.16039653,0.3972514,-60.42724784837114,133.96443128585815,133.96443128585815
