Split,RMSE,MSE,MAE,R-squared,MPE,MAPE
test,0.40821043,0.16663575,0.40617657,-92.45591459718776,132.0979356765747,132.0979356765747
