Split,RMSE,MSE,MAE,R-squared,MPE,MAPE
val,0.40880722,0.16712333,0.4073725,-150.06643441153298,132.20245838165283,132.20245838165283
