Split,RMSE,MSE,MAE,R-squared,MPE,MAPE
ok003_test,0.38842162,0.15087135,0.38413942,-43.174035901786375,137.06929683685303,137.06929683685303
