Split,RMSE,MSE,MAE,R-squared,MPE,MAPE
ok002_test,0.3037639,0.092272505,0.3003174,-50.23280682074995,150.71871280670166,150.71871280670166
