Split,RMSE,MSE,MAE,R-squared,MPE,MAPE
val,0.18885279,0.035665378,0.1621017,-31.238714497072863,24.01159256696701,52.52617001533508
