Split,RMSE,MSE,MAE,R-squared,MPE,MAPE
ok003_test,0.20688586,0.04280176,0.17435078,-11.53204477284581,53.07426452636719,61.17218732833862
