Split,RMSE,MSE,MAE,R-squared,MPE,MAPE
test,0.16473012,0.02713601,0.13421167,-14.218945662941017,37.19962239265442,42.35343933105469
