Split,RMSE,MSE,MAE,R-squared,MPE,MAPE
ok002_test,0.17771101,0.031581204,0.14437683,-16.534949014091847,-35.3706419467926,73.63855838775635
