Split,RMSE,MSE,MAE,R-squared,MPE,MAPE
train,0.18345502,0.033655744,0.15462022,-11.889181059856318,32.87186026573181,51.2427031993866
