Split,RMSE,MSE,MAE,R-squared,MPE,MAPE
ok001_test,0.3999737,0.15997896,0.3977092,-88.72252096213379,129.08188104629517,129.08188104629517
