Split,RMSE,MSE,MAE,R-squared,MPE,MAPE
train,0.39072397,0.15266523,0.3873336,-57.466379500600695,130.4172396659851,130.4172396659851
