Split,RMSE,MSE,MAE,R-squared,MPE,MAPE
test,0.40032816,0.16026263,0.39804786,-88.88160032810339,129.18132543563843,129.18132543563843
