Split,RMSE,MSE,MAE,R-squared,MPE,MAPE
ok002_test,0.29243952,0.08552088,0.28931695,-46.48407149481446,145.20889520645142,145.20889520645142
