Split,RMSE,MSE,MAE,R-squared,MPE,MAPE
ok003_test,0.3763615,0.14164796,0.37185916,-40.47349499417026,132.47292041778564,132.47292041778564
