Split,RMSE,MSE,MAE,R-squared,MPE,MAPE
val,0.3985488,0.15884115,0.39715713,-142.5799906284761,128.87446880340576,128.87446880340576
