Train Loss,Validation Loss
0.32927681505680084,0.2008228376507759
0.24584373086690903,0.16717173904180527
