epoch,alpha
1,0.9980127811431885
2,0.9781526327133179
