Split,RMSE,MSE,MAE,R-squared,MPE,MAPE
test,0.49142292,0.24149649,0.43271542,-134.44077428590646,139.16314840316772,140.78160524368286
