Split,RMSE,MSE,MAE,R-squared,MPE,MAPE
val,0.383266,0.14689283,0.3628849,-131.7796338687283,117.58983135223389,117.58983135223389
