Split,RMSE,MSE,MAE,R-squared,MPE,MAPE
train,0.39925376,0.15940356,0.35826918,-60.04696825472682,122.25996255874634,122.9333758354187
