Split,RMSE,MSE,MAE,R-squared,MPE,MAPE
ok002_test,0.43430358,0.18861961,0.3749172,-103.72796030618828,183.2972526550293,183.2972526550293
