Split,RMSE,MSE,MAE,R-squared,MPE,MAPE
ok003_test,0.45788676,0.20966029,0.37973353,-60.387009921240605,132.3410987854004,132.416832447052
